{
  "In": 1.0,
  "On": 0.7587015795865186,
  "At": 0.6667121605820896,
  "Can": 0.23057801824593216,
  "All": 0.1883788183070778,
  "Do": 0.1842614986247442,
  "Go": 0.16789338619585936,
  "Know": 0.13087079549186334,
  "If": 0.09639909642599785,
  "Many": 0.053056083852672346,
  "Most": 0.03870263320019259,
  "During": 0.03552129149504124,
  "Not": 0.03775695809966132,
  "After": 0.031615279517573626,
  "See": 0.03075412749898873,
  "Some": 0.0266693722342793,
  "Near": 0.0231208468312953,
  "When": 0.02585048175666761,
  "Small": 0.021031359096292872,
  "Move": 0.01671590188001941,
  "Bad": 0.015035859383822828,
  "IsA": 0.01708308557785206,
  "Before": 0.013082853395089017,
  "Big": 0.010447438675012128,
  "While": 0.008630914432546936,
  "Good": 0.009176841417621396,
  "Feel": 0.004997865947616545,
  "Because": 0.005270829440153777,
  "HasA": 0.0041789754700048524,
  "Say": 0.005953238171496854,
  "Causes": 0.0020894877350024262,
  "Must": 0.0026354147200768883,
  "Perfect": 0.0022259694812710416,
  "Hear": 0.0022259694812710416,
  "Want": 0.0031390801641781553,
  "Think": 0.0021837079402978474,
  "InOrderTo": 0.0015012992089547701,
  "Few": 0.0002729634925372309,
  "Therefore": 0.00013648174626861546
}