{
  "en": {
    "high": 0.8500000000000003,
    "medium": 0.7500000000000002,
    "low": 0.7000000000000002,
    "min_confidence": 0.3
  },
  "es": {
    "high": 0.8500000000000003,
    "medium": 0.7500000000000002,
    "low": 0.7000000000000002,
    "min_confidence": 0.3
  },
  "fr": {
    "high": 0.8500000000000003,
    "medium": 0.8000000000000003,
    "low": 0.7500000000000002,
    "min_confidence": 0.3
  }
}