{
  "summary": {
    "total_detections": 111,
    "nsm_detections": 66,
    "conceptnet_detections": 45,
    "method_distribution": {
      "pattern": 90,
      "semantic": 21
    },
    "evidence_type_distribution": {
      "lexical_match": 3,
      "spatial_preposition": 1,
      "action_verb": 8,
      "similarity_word": 8,
      "location_word": 18,
      "modal_verb": 10,
      "quantifier_word": 15,
      "mental_verb": 12,
      "semantic_similarity": 21,
      "evaluator_word": 2,
      "descriptor_word": 4,
      "causal_word": 2,
      "part_whole_phrase": 1,
      "purpose_phrase": 1,
      "ability_phrase": 1,
      "temporal_word": 4
    },
    "average_confidence": 0.6407649898314264,
    "confidence_distribution": {
      "high": 0,
      "medium": 90,
      "low": 21
    }
  },
  "detection_analysis": {
    "primitive_frequency": {
      "MANY": 6,
      "BIG": 5,
      "NOT": 3,
      "LIKE": 3,
      "SimilarTo": 3,
      "HERE": 3,
      "WHERE": 3,
      "ABOVE": 3,
      "BELOW": 3,
      "NEAR": 3,
      "FAR": 3,
      "CAN": 3,
      "ALL": 3,
      "SOME": 3,
      "FEW": 3,
      "MOST": 3,
      "WANT": 3,
      "GOOD": 3,
      "SMALL": 3,
      "PartOf": 3
    },
    "average_confidence_by_primitive": {
      "NOT": 0.6999999999999998,
      "AtLocation": 0.7,
      "DO": 0.7,
      "HAPPEN": 0.7,
      "MOVE": 0.7,
      "TOUCH": 0.7,
      "LIKE": 0.6651099006334941,
      "SIMILAR": 0.7,
      "DIFFERENT": 0.7,
      "SimilarTo": 0.6412898381551106,
      "HERE": 0.6999999999999998,
      "WHERE": 0.6999999999999998,
      "ABOVE": 0.6999999999999998,
      "BELOW": 0.6999999999999998,
      "NEAR": 0.6999999999999998,
      "FAR": 0.6999999999999998,
      "CAN": 0.6215457101662953,
      "MUST": 0.7,
      "SHOULD": 0.7,
      "MIGHT": 0.7,
      "WILL": 0.7,
      "ALL": 0.6999999999999998,
      "SOME": 0.6999999999999998,
      "MANY": 0.550553352634112,
      "FEW": 0.6999999999999998,
      "MOST": 0.6999999999999998,
      "THINK": 0.7,
      "KNOW": 0.7,
      "WANT": 0.5735776702562968,
      "FEEL": 0.7,
      "SEE": 0.7,
      "HEAR": 0.7,
      "Desires": 0.3119543194770813,
      "GOOD": 0.4591000815232595,
      "BAD": 0.7,
      "BIG": 0.42556430935859685,
      "SMALL": 0.4543345312277476,
      "LONG": 0.7,
      "SHORT": 0.7,
      "BECAUSE": 0.5267811924219131,
      "Causes": 0.7,
      "PartOf": 0.5098170181115468,
      "UsedFor": 0.7,
      "CapableOf": 0.5615148156881332,
      "HasProperty": 0.3309016227722168,
      "NOW": 0.7,
      "WHEN": 0.7,
      "BEFORE": 0.7,
      "AFTER": 0.7
    },
    "detection_timeline": {
      "earliest": 1755888011.8837,
      "latest": 1755888017.624798,
      "total_duration": 5.741098165512085
    }
  },
  "evidence_quality": {
    "evidence_type_distribution": {
      "lexical_match": 3,
      "spatial_preposition": 1,
      "action_verb": 8,
      "similarity_word": 8,
      "location_word": 18,
      "modal_verb": 10,
      "quantifier_word": 15,
      "mental_verb": 12,
      "semantic_similarity": 21,
      "evaluator_word": 2,
      "descriptor_word": 4,
      "causal_word": 2,
      "part_whole_phrase": 1,
      "purpose_phrase": 1,
      "ability_phrase": 1,
      "temporal_word": 4
    },
    "evidence_text_length": {
      "average": 9.657657657657658,
      "median": 4.0,
      "min": 2,
      "max": 48
    },
    "evidence_detail_keys": [
      "pattern",
      "match_end",
      "pattern_category",
      "threshold",
      "description",
      "full_match",
      "similarity_score",
      "match_start"
    ],
    "evidence_quality_indicators": {
      "has_evidence_text": 111,
      "has_evidence_details": 111,
      "has_confidence": 111
    }
  },
  "method_performance": {
    "pattern": {
      "count": 90,
      "average_confidence": 0.7000000000000002,
      "unique_primitives": 47,
      "primitive_coverage": [
        "HERE",
        "MIGHT",
        "MANY",
        "DIFFERENT",
        "WHERE",
        "UsedFor",
        "PartOf",
        "BEFORE",
        "ABOVE",
        "FAR",
        "HEAR",
        "SimilarTo",
        "TOUCH",
        "MOST",
        "FEEL",
        "BAD",
        "Causes",
        "THINK",
        "NOW",
        "BELOW",
        "BIG",
        "WILL",
        "SMALL",
        "WANT",
        "CAN",
        "SEE",
        "AFTER",
        "BECAUSE",
        "SIMILAR",
        "HAPPEN",
        "AtLocation",
        "SHORT",
        "NOT",
        "DO",
        "MOVE",
        "MUST",
        "KNOW",
        "FEW",
        "SHOULD",
        "CapableOf",
        "WHEN",
        "GOOD",
        "ALL",
        "LIKE",
        "NEAR",
        "SOME",
        "LONG"
      ]
    },
    "semantic": {
      "count": 21,
      "average_confidence": 0.3869006605375381,
      "unique_primitives": 13,
      "primitive_coverage": [
        "BECAUSE",
        "MANY",
        "CapableOf",
        "GOOD",
        "Desires",
        "BIG",
        "LIKE",
        "HasProperty",
        "SMALL",
        "PartOf",
        "WANT",
        "SimilarTo",
        "CAN"
      ]
    }
  },
  "primitive_coverage": {
    "type_distribution": {
      "nsm": 66,
      "conceptnet": 45
    },
    "nsm_primitive_coverage": {
      "count": 26,
      "primitives": [
        "HERE",
        "MANY",
        "WHERE",
        "BEFORE",
        "HEAR",
        "FEEL",
        "BAD",
        "THINK",
        "NOW",
        "BIG",
        "SMALL",
        "WANT",
        "CAN",
        "SEE",
        "AFTER",
        "BECAUSE",
        "HAPPEN",
        "NOT",
        "DO",
        "MUST",
        "KNOW",
        "FEW",
        "GOOD",
        "ALL",
        "LIKE",
        "SOME"
      ]
    },
    "conceptnet_primitive_coverage": {
      "count": 23,
      "primitives": [
        "MIGHT",
        "DIFFERENT",
        "UsedFor",
        "PartOf",
        "ABOVE",
        "FAR",
        "SimilarTo",
        "TOUCH",
        "MOST",
        "Causes",
        "BELOW",
        "WILL",
        "SIMILAR",
        "AtLocation",
        "SHORT",
        "HasProperty",
        "MOVE",
        "SHOULD",
        "CapableOf",
        "WHEN",
        "Desires",
        "NEAR",
        "LONG"
      ]
    },
    "overall_coverage": {
      "total_unique_primitives": 49,
      "nsm_percentage": 0.5306122448979592
    }
  }
}